<?xml version="1.0" encoding="UTF-8"?>
<project-private xmlns="http://www.netbeans.org/ns/project-private/1">
    <editor-bookmarks xmlns="http://www.netbeans.org/ns/editor-bookmarks/2" lastBookmarkId="0"/>
    <open-files xmlns="http://www.netbeans.org/ns/projectui-open-files/2">
        <group>
            <file>file:/C:/Users/farwa/OneDrive/Documents/NetBeansProjects/Railway_System/src/Railway/addtrain.java</file>
            <file>file:/C:/Users/farwa/OneDrive/Documents/NetBeansProjects/Railway_System/src/Railway/Transaction.java</file>
            <file>file:/C:/Users/farwa/OneDrive/Documents/NetBeansProjects/Railway_System/src/images/train.jpg</file>
            <file>file:/C:/Users/farwa/OneDrive/Documents/NetBeansProjects/Railway_System/src/Railway/Main.java</file>
            <file>file:/C:/Users/farwa/OneDrive/Documents/NetBeansProjects/Railway_System/src/Railway/Login.java</file>
            <file>file:/C:/Users/farwa/OneDrive/Documents/NetBeansProjects/Railway_System/src/Railway/ViewInformation.java</file>
            <file>file:/C:/Users/farwa/OneDrive/Documents/NetBeansProjects/Railway_System/src/Railway/JDBC_Connector.java</file>
            <file>file:/C:/Users/farwa/OneDrive/Documents/NetBeansProjects/Railway_System/src/Railway/Ticket.java</file>
            <file>file:/C:/Users/farwa/OneDrive/Documents/NetBeansProjects/Railway_System/src/Railway/Reservation.java</file>
            <file>file:/C:/Users/farwa/OneDrive/Documents/NetBeansProjects/Railway_System/src/Railway/staffDetail.java</file>
        </group>
    </open-files>
</project-private>
